ChunkID, Package Name, Class Type, Hard or Soft Chunk, File Size, Other Chunks
0,/ACLPlugin/ACLAnimBoneCompressionSettings,/Script/Engine.AnimBoneCompressionSettings,Hard,1094,None
0,/ACLPlugin/ACLAnimCurveCompressionSettings,/Script/Engine.AnimCurveCompressionSettings,Hard,1089,None
0,/AudioWidgets/Resources/ScrubHandleDown_Clamped,/Script/Engine.Texture2D,Hard,1568,None
0,/CameraCalibrationCore/Materials/M_DefaultEvenSquare,/Script/Engine.Material,Hard,9664,None
0,/CameraCalibrationCore/Materials/M_DefaultOddSquare,/Script/Engine.Material,Hard,9658,None
0,/ControlRig/Controls/ControlRig_Arrow2_1mm,/Script/Engine.StaticMesh,Soft: /ControlRig/Controls/DefaultGizmoLibraryNormalized->/ControlRig/Controls/ControlRig_Arrow2_1mm,18374,None
0,/ControlRig/Controls/ControlRig_Arrow2_3mm,/Script/Engine.StaticMesh,Soft: /ControlRig/Controls/DefaultGizmoLibraryNormalized->/ControlRig/Controls/ControlRig_Arrow2_3mm,18496,None
0,/ControlRig/Controls/ControlRig_Arrow2_solid,/Script/Engine.StaticMesh,Soft: /ControlRig/Controls/DefaultGizmoLibraryNormalized->/ControlRig/Controls/ControlRig_Arrow2_solid,13502,None
0,/ControlRig/Controls/ControlRig_Arrow4_1mm,/Script/Engine.StaticMesh,Soft: /ControlRig/Controls/DefaultGizmoLibraryNormalized->/ControlRig/Controls/ControlRig_Arrow4_1mm,33482,None
0,/ControlRig/Controls/ControlRig_Arrow4_3mm,/Script/Engine.StaticMesh,Soft: /ControlRig/Controls/DefaultGizmoLibraryNormalized->/ControlRig/Controls/ControlRig_Arrow4_3mm,33604,None
0,/ControlRig/Controls/ControlRig_Arrow4_solid,/Script/Engine.StaticMesh,Soft: /ControlRig/Controls/DefaultGizmoLibraryNormalized->/ControlRig/Controls/ControlRig_Arrow4_solid,23178,None
0,/ControlRig/Controls/ControlRig_Arrow_1mm,/Script/Engine.StaticMesh,Soft: /ControlRig/Controls/DefaultGizmoLibraryNormalized->/ControlRig/Controls/ControlRig_Arrow_1mm,16457,None
0,/ControlRig/Controls/ControlRig_Arrow_3mm,/Script/Engine.StaticMesh,Soft: /ControlRig/Controls/DefaultGizmoLibraryNormalized->/ControlRig/Controls/ControlRig_Arrow_3mm,16579,None
0,/ControlRig/Controls/ControlRig_Arrow_solid,/Script/Engine.StaticMesh,Soft: /ControlRig/Controls/DefaultGizmoLibraryNormalized->/ControlRig/Controls/ControlRig_Arrow_solid,13409,None
0,/ControlRig/Controls/ControlRig_Box_1mm,/Script/Engine.StaticMesh,Soft: /ControlRig/Controls/DefaultGizmoLibraryNormalized->/ControlRig/Controls/ControlRig_Box_1mm,194741,None
0,/ControlRig/Controls/ControlRig_Box_3mm,/Script/Engine.StaticMesh,Soft: /ControlRig/Controls/DefaultGizmoLibraryNormalized->/ControlRig/Controls/ControlRig_Box_3mm,103329,None
0,/ControlRig/Controls/ControlRig_Box_solid,/Script/Engine.StaticMesh,Soft: /ControlRig/Controls/DefaultGizmoLibraryNormalized->/ControlRig/Controls/ControlRig_Box_solid,25209,None
0,/ControlRig/Controls/ControlRig_Circle_1mm,/Script/Engine.StaticMesh,Soft: /ControlRig/Controls/DefaultGizmoLibraryNormalized->/ControlRig/Controls/ControlRig_Circle_1mm,46388,None
0,/ControlRig/Controls/ControlRig_Circle_3mm,/Script/Engine.StaticMesh,Soft: /ControlRig/Controls/DefaultGizmoLibraryNormalized->/ControlRig/Controls/ControlRig_Circle_3mm,45754,None
0,/ControlRig/Controls/ControlRig_Circle_solid,/Script/Engine.StaticMesh,Soft: /ControlRig/Controls/DefaultGizmoLibraryNormalized->/ControlRig/Controls/ControlRig_Circle_solid,31424,None
0,/ControlRig/Controls/ControlRig_Diamond_1mm,/Script/Engine.StaticMesh,Soft: /ControlRig/Controls/DefaultGizmoLibraryNormalized->/ControlRig/Controls/ControlRig_Diamond_1mm,399702,None
0,/ControlRig/Controls/ControlRig_Diamond_3mm,/Script/Engine.StaticMesh,Soft: /ControlRig/Controls/DefaultGizmoLibraryNormalized->/ControlRig/Controls/ControlRig_Diamond_3mm,263704,None
0,/ControlRig/Controls/ControlRig_Diamond_solid,/Script/Engine.StaticMesh,Soft: /ControlRig/Controls/DefaultGizmoLibraryNormalized->/ControlRig/Controls/ControlRig_Diamond_solid,32517,None
0,/ControlRig/Controls/ControlRig_HalfCircle_1mm,/Script/Engine.StaticMesh,Soft: /ControlRig/Controls/DefaultGizmoLibraryNormalized->/ControlRig/Controls/ControlRig_HalfCircle_1mm,29144,None
0,/ControlRig/Controls/ControlRig_HalfCircle_3mm,/Script/Engine.StaticMesh,Soft: /ControlRig/Controls/DefaultGizmoLibraryNormalized->/ControlRig/Controls/ControlRig_HalfCircle_3mm,28634,None
0,/ControlRig/Controls/ControlRig_HalfCircle_solid,/Script/Engine.StaticMesh,Soft: /ControlRig/Controls/DefaultGizmoLibraryNormalized->/ControlRig/Controls/ControlRig_HalfCircle_solid,21424,None
0,/ControlRig/Controls/ControlRig_Hexagon_1mm,/Script/Engine.StaticMesh,Soft: /ControlRig/Controls/DefaultGizmoLibraryNormalized->/ControlRig/Controls/ControlRig_Hexagon_1mm,15853,None
0,/ControlRig/Controls/ControlRig_Hexagon_3mm,/Script/Engine.StaticMesh,Soft: /ControlRig/Controls/DefaultGizmoLibraryNormalized->/ControlRig/Controls/ControlRig_Hexagon_3mm,15975,None
0,/ControlRig/Controls/ControlRig_Hexagon_solid,/Script/Engine.StaticMesh,Soft: /ControlRig/Controls/DefaultGizmoLibraryNormalized->/ControlRig/Controls/ControlRig_Hexagon_solid,13213,None
0,/ControlRig/Controls/ControlRig_Octagon_1mm,/Script/Engine.StaticMesh,Soft: /ControlRig/Controls/DefaultGizmoLibraryNormalized->/ControlRig/Controls/ControlRig_Octagon_1mm,20065,None
0,/ControlRig/Controls/ControlRig_Octagon_3mm,/Script/Engine.StaticMesh,Soft: /ControlRig/Controls/DefaultGizmoLibraryNormalized->/ControlRig/Controls/ControlRig_Octagon_3mm,20187,None
0,/ControlRig/Controls/ControlRig_Octagon_solid,/Script/Engine.StaticMesh,Soft: /ControlRig/Controls/DefaultGizmoLibraryNormalized->/ControlRig/Controls/ControlRig_Octagon_solid,16609,None
0,/ControlRig/Controls/ControlRig_Pyramid_1mm,/Script/Engine.StaticMesh,Soft: /ControlRig/Controls/DefaultGizmoLibraryNormalized->/ControlRig/Controls/ControlRig_Pyramid_1mm,251069,None
0,/ControlRig/Controls/ControlRig_Pyramid_3mm,/Script/Engine.StaticMesh,Soft: /ControlRig/Controls/DefaultGizmoLibraryNormalized->/ControlRig/Controls/ControlRig_Pyramid_3mm,161475,None
0,/ControlRig/Controls/ControlRig_Pyramid_solid,/Script/Engine.StaticMesh,Soft: /ControlRig/Controls/DefaultGizmoLibraryNormalized->/ControlRig/Controls/ControlRig_Pyramid_solid,14823,None
0,/ControlRig/Controls/ControlRig_QuarterCircle_1mm,/Script/Engine.StaticMesh,Soft: /ControlRig/Controls/DefaultGizmoLibraryNormalized->/ControlRig/Controls/ControlRig_QuarterCircle_1mm,20907,None
0,/ControlRig/Controls/ControlRig_QuarterCircle_3mm,/Script/Engine.StaticMesh,Soft: /ControlRig/Controls/DefaultGizmoLibraryNormalized->/ControlRig/Controls/ControlRig_QuarterCircle_3mm,20213,None
0,/ControlRig/Controls/ControlRig_QuarterCircle_solid,/Script/Engine.StaticMesh,Soft: /ControlRig/Controls/DefaultGizmoLibraryNormalized->/ControlRig/Controls/ControlRig_QuarterCircle_solid,10329,None
0,/ControlRig/Controls/ControlRig_RoundedSquare_1mm,/Script/Engine.StaticMesh,Soft: /ControlRig/Controls/DefaultGizmoLibraryNormalized->/ControlRig/Controls/ControlRig_RoundedSquare_1mm,66323,None
0,/ControlRig/Controls/ControlRig_RoundedSquare_3mm,/Script/Engine.StaticMesh,Soft: /ControlRig/Controls/DefaultGizmoLibraryNormalized->/ControlRig/Controls/ControlRig_RoundedSquare_3mm,74349,None
0,/ControlRig/Controls/ControlRig_RoundedSquare_solid,/Script/Engine.StaticMesh,Soft: /ControlRig/Controls/DefaultGizmoLibraryNormalized->/ControlRig/Controls/ControlRig_RoundedSquare_solid,39347,None
0,/ControlRig/Controls/ControlRig_RoundedTriangle_1mm,/Script/Engine.StaticMesh,Soft: /ControlRig/Controls/DefaultGizmoLibraryNormalized->/ControlRig/Controls/ControlRig_RoundedTriangle_1mm,38665,None
0,/ControlRig/Controls/ControlRig_RoundedTriangle_3mm,/Script/Engine.StaticMesh,Soft: /ControlRig/Controls/DefaultGizmoLibraryNormalized->/ControlRig/Controls/ControlRig_RoundedTriangle_3mm,40787,None
0,/ControlRig/Controls/ControlRig_RoundedTriangle_solid,/Script/Engine.StaticMesh,Soft: /ControlRig/Controls/DefaultGizmoLibraryNormalized->/ControlRig/Controls/ControlRig_RoundedTriangle_solid,23193,None
0,/ControlRig/Controls/ControlRig_Sphere_1mm,/Script/Engine.StaticMesh,Soft: /ControlRig/Controls/DefaultGizmoLibraryNormalized->/ControlRig/Controls/ControlRig_Sphere_1mm,275958,None
0,/ControlRig/Controls/ControlRig_Sphere_3mm,/Script/Engine.StaticMesh,Soft: /ControlRig/Controls/DefaultGizmoLibraryNormalized->/ControlRig/Controls/ControlRig_Sphere_3mm,224264,None
0,/ControlRig/Controls/ControlRig_Sphere_solid,/Script/Engine.StaticMesh,Soft: /ControlRig/Controls/DefaultGizmoLibraryNormalized->/ControlRig/Controls/ControlRig_Sphere_solid,128649,None
0,/ControlRig/Controls/ControlRig_Square_1mm,/Script/Engine.StaticMesh,Soft: /ControlRig/Controls/DefaultGizmoLibraryNormalized->/ControlRig/Controls/ControlRig_Square_1mm,14806,None
0,/ControlRig/Controls/ControlRig_Square_3mm,/Script/Engine.StaticMesh,Soft: /ControlRig/Controls/DefaultGizmoLibraryNormalized->/ControlRig/Controls/ControlRig_Square_3mm,15440,None
0,/ControlRig/Controls/ControlRig_Square_solid,/Script/Engine.StaticMesh,Soft: /ControlRig/Controls/DefaultGizmoLibraryNormalized->/ControlRig/Controls/ControlRig_Square_solid,13622,None
0,/ControlRig/Controls/ControlRig_Star4_1mm,/Script/Engine.StaticMesh,Soft: /ControlRig/Controls/DefaultGizmoLibraryNormalized->/ControlRig/Controls/ControlRig_Star4_1mm,19911,None
0,/ControlRig/Controls/ControlRig_Star4_3mm,/Script/Engine.StaticMesh,Soft: /ControlRig/Controls/DefaultGizmoLibraryNormalized->/ControlRig/Controls/ControlRig_Star4_3mm,20033,None
0,/ControlRig/Controls/ControlRig_Star4_solid,/Script/Engine.StaticMesh,Soft: /ControlRig/Controls/DefaultGizmoLibraryNormalized->/ControlRig/Controls/ControlRig_Star4_solid,16455,None
0,/ControlRig/Controls/ControlRig_Triangle_1mm,/Script/Engine.StaticMesh,Soft: /ControlRig/Controls/DefaultGizmoLibraryNormalized->/ControlRig/Controls/ControlRig_Triangle_1mm,10856,None
0,/ControlRig/Controls/ControlRig_Triangle_3mm,/Script/Engine.StaticMesh,Soft: /ControlRig/Controls/DefaultGizmoLibraryNormalized->/ControlRig/Controls/ControlRig_Triangle_3mm,10856,None
0,/ControlRig/Controls/ControlRig_Triangle_solid,/Script/Engine.StaticMesh,Soft: /ControlRig/Controls/DefaultGizmoLibraryNormalized->/ControlRig/Controls/ControlRig_Triangle_solid,9568,None
0,/ControlRig/Controls/ControlRig_Wedge_1mm,/Script/Engine.StaticMesh,Soft: /ControlRig/Controls/DefaultGizmoLibraryNormalized->/ControlRig/Controls/ControlRig_Wedge_1mm,217151,None
0,/ControlRig/Controls/ControlRig_Wedge_3mm,/Script/Engine.StaticMesh,Soft: /ControlRig/Controls/DefaultGizmoLibraryNormalized->/ControlRig/Controls/ControlRig_Wedge_3mm,204751,None
0,/ControlRig/Controls/ControlRig_Wedge_solid,/Script/Engine.StaticMesh,Soft: /ControlRig/Controls/DefaultGizmoLibraryNormalized->/ControlRig/Controls/ControlRig_Wedge_solid,95669,None
0,/ControlRig/Controls/ControlRigGizmoMaterial,/Script/Engine.Material,Soft: /ControlRig/Controls/DefaultGizmoLibraryNormalized->/ControlRig/Controls/ControlRigGizmoMaterial,8405,None
0,/ControlRig/Controls/ControlRigXRayMaterial,/Script/Engine.Material,Hard,14289,None
0,/ControlRig/Controls/DefaultGizmoLibraryNormalized,/Script/ControlRig.ControlRigShapeLibrary,Hard,11554,None
0,/ControlRig/M_Manip,/Script/Engine.Material,Hard,14136,None
0,/DeformerGraph/DeformerFunctions/DG_Function_ComputeNormalsTangents,/Script/OptimusCore.OptimusDeformer,Hard,16169,None
0,/DeformerGraph/DeformerFunctions/DG_Function_LinearBlendSkin_Morph_Cloth,/Script/OptimusCore.OptimusDeformer,Hard,19129,None
0,/DeformerGraph/DeformerFunctions/DG_Function_LinearBlendSkin_Morph_Cloth_PositionOnly,/Script/OptimusCore.OptimusDeformer,Hard,13693,None
0,/DeformerGraph/Deformers/DG_LinearBlendSkin_Morph_Cloth,/Script/OptimusCore.OptimusDeformer,Hard,307427,None
0,/DeformerGraph/Deformers/DG_LinearBlendSkin_Morph_Cloth_RecomputeNormals,/Script/OptimusCore.OptimusDeformer,Hard,314139,None
0,/Engine/Animation/DefaultRecorderBoneCompression,/Script/Engine.AnimBoneCompressionSettings,Hard,1050,None
0,/Engine/Animation/DefaultVariableFrameStrippingSettings,/Script/Engine.VariableFrameStrippingSettings,Hard,792,None
0,/Engine/ArtTools/RenderToTexture/Meshes/S_1_Unit_Plane,/Script/Engine.StaticMesh,Hard,7168,None
0,/Engine/BasicShapes/BasicShapeMaterial,/Script/Engine.Material,Hard,18309,None
0,/Engine/BasicShapes/Cone,/Script/Engine.StaticMesh,Hard,153223,None
0,/Engine/BasicShapes/Cube,/Script/Engine.StaticMesh,Hard,133646,None
0,/Engine/BasicShapes/Cylinder,/Script/Engine.StaticMesh,Hard,180318,None
0,/Engine/BasicShapes/Plane,/Script/Engine.StaticMesh,Hard,10985,None
0,/Engine/BasicShapes/Sphere,/Script/Engine.StaticMesh,Hard,210138,None
0,/Engine/EditorLandscapeResources/ColorMaskBrushMaterial,/Script/Engine.Material,Hard,11470,None
0,/Engine/EditorLandscapeResources/ColorMaskBrushMaterial_MaskedRegion,/Script/Engine.MaterialInstanceConstant,Hard,1119,None
0,/Engine/EditorLandscapeResources/DefaultAlphaTexture,/Script/Engine.Texture2D,Hard,23138,None
0,/Engine/EditorLandscapeResources/LandscapeDirtyMaterial,/Script/Engine.Material,Hard,12135,None
0,/Engine/EditorLandscapeResources/LandscapeLayerUsageMaterial,/Script/Engine.Material,Hard,16196,None
0,/Engine/EditorLandscapeResources/LayerVisMaterial,/Script/Engine.Material,Hard,9792,None
0,/Engine/EditorLandscapeResources/MaskBrushMaterial,/Script/Engine.Material,Hard,11774,None
0,/Engine/EditorLandscapeResources/MaskBrushMaterial_MaskedRegion,/Script/Engine.MaterialInstanceConstant,Hard,11032,None
0,/Engine/EditorLandscapeResources/SelectBrushMaterial,/Script/Engine.Material,Hard,11900,None
0,/Engine/EditorLandscapeResources/SelectBrushMaterial_Selected,/Script/Engine.MaterialInstanceConstant,Hard,1066,None
0,/Engine/EditorLandscapeResources/SelectBrushMaterial_SelectedRegion,/Script/Engine.MaterialInstanceConstant,Hard,11330,None
0,/Engine/EditorLandscapeResources/SplineEditorMesh,/Script/Engine.StaticMesh,Hard,11997,None
0,/Engine/EditorLandscapeResources/SplineEditorMeshMat,/Script/Engine.Material,Hard,18114,None
0,/Engine/EditorLandscapeResources/WhiteSquareTexture,/Script/Engine.Texture2D,Hard,1934,None
0,/Engine/EditorMaterials/Camera/CineMat,/Script/Engine.Material,Hard,12681,None
0,/Engine/EditorMaterials/Camera/MI_CineMat_Rig,/Script/Engine.MaterialInstanceConstant,Hard,966,None
0,/Engine/EditorMaterials/Dataflow/DataflowTwoSidedVertexMaterial,/Script/Engine.Material,Hard,24874,None
0,/Engine/EditorMaterials/Dataflow/DataflowTwoSidedVertexMaterial,/Script/Engine.Material,Hard,24874,None
0,/Engine/EditorMaterials/Dataflow/DataflowVertexMaterial,/Script/Engine.Material,Hard,11129,None
0,/Engine/EditorMaterials/ParticleSystems/PSysThumbnail_NoImage,/Script/Engine.Texture2D,Hard,45132,None
0,/Engine/EditorMaterials/ParticleSystems/PSysThumbnail_OOD,/Script/Engine.Texture2D,Hard,23227,None
0,/Engine/EditorMaterials/PhAT_NoCollisionMaterial,/Script/Engine.Material,Hard,10701,None
0,/Engine/EditorMaterials/PhAT_UnselectedMaterial,/Script/Engine.Material,Hard,10698,None
0,/Engine/EditorMaterials/PreviewShadowIndicator,/Script/Engine.Texture2D,Hard,1399587,None
0,/Engine/EditorMaterials/PreviewShadowIndicatorMaterial,/Script/Engine.Material,Hard,40660,None
0,/Engine/EditorMeshes/Camera/SM_CraneRig_Arm,/Script/Engine.StaticMesh,Hard,6466,None
0,/Engine/EditorMeshes/Camera/SM_CraneRig_Base,/Script/Engine.StaticMesh,Hard,155473,None
0,/Engine/EditorMeshes/Camera/SM_CraneRig_Body,/Script/Engine.StaticMesh,Hard,178404,None
0,/Engine/EditorMeshes/Camera/SM_CraneRig_Mount,/Script/Engine.StaticMesh,Hard,24444,None
0,/Engine/EditorMeshes/Camera/SM_RailRig_Mount,/Script/Engine.StaticMesh,Hard,142009,None
0,/Engine/EditorMeshes/Camera/SM_RailRig_Track,/Script/Engine.StaticMesh,Hard,120447,None
0,/Engine/EditorResources/BSPVertex,/Script/Engine.Texture2D,Hard,1500,None
0,/Engine/EditorResources/S_Actor,/Script/Engine.Texture2D,Hard,88684,None
0,/Engine/EditorResources/S_BoxReflectionCapture,/Script/Engine.Texture2D,Hard,350953,None
0,/Engine/EditorResources/S_Solver,/Script/Engine.Texture2D,Hard,350908,None
0,/Engine/EditorResources/S_Terrain,/Script/Engine.Texture2D,Hard,350911,None
0,/Engine/EditorResources/S_Trigger,/Script/Engine.Texture2D,Hard,350911,None
0,/Engine/EditorResources/S_TriggerBox,/Script/Engine.Texture2D,Hard,350923,None
0,/Engine/EditorResources/S_TriggerCapsule,/Script/Engine.Texture2D,Hard,350935,None
0,/Engine/EditorResources/S_TriggerSphere,/Script/Engine.Texture2D,Hard,350932,None
0,/Engine/EditorResources/SequenceRecorder/Countdown,/Script/Engine.Texture2D,Hard,148384,None
0,/Engine/EditorResources/SequenceRecorder/RecordingIndicator,/Script/Engine.Texture2D,Hard,1979,None
0,/Engine/EngineDamageTypes/DmgTypeBP_Environmental,/Script/Engine.Blueprint,Hard,1262,None
0,/Engine/EngineDamageTypes/DmgTypeBP_Environmental,/Script/Engine.BlueprintGeneratedClass,Hard,1262,None
0,/Engine/EngineDebugMaterials/DebugEditorMaterial,/Script/Engine.Material,Hard,11800,None
0,/Engine/EngineDebugMaterials/DebugMeshMaterial,/Script/Engine.Material,Hard,12405,None
0,/Engine/EngineDebugMaterials/M_SimpleUnlitTranslucent,/Script/Engine.Material,Hard,10826,None
0,/Engine/EngineDebugMaterials/M_VolumeRenderSphereTracePP,/Script/Engine.Material,Hard,12180,None
0,/Engine/EngineDebugMaterials/VolumeToRender,/Script/Engine.VolumeTexture,Hard,8928,None
0,/Engine/EngineFonts/DroidSansMono,/Script/Engine.Font,Hard,1034,None
0,/Engine/EngineFonts/Faces/DroidSansFallback,/Script/Engine.FontFace,Hard,3940651,None
0,/Engine/EngineFonts/Faces/DroidSansMono,/Script/Engine.FontFace,Hard,79060,None
0,/Engine/EngineFonts/Faces/RobotoBold,/Script/Engine.FontFace,Hard,164193,None
0,/Engine/EngineFonts/Faces/RobotoBoldItalic,/Script/Engine.FontFace,Hard,166641,None
0,/Engine/EngineFonts/Faces/RobotoItalic,/Script/Engine.FontFace,Hard,161497,None
0,/Engine/EngineFonts/Faces/RobotoLight,/Script/Engine.FontFace,Hard,171170,None
0,/Engine/EngineFonts/Faces/RobotoRegular,/Script/Engine.FontFace,Hard,159361,None
0,/Engine/EngineFonts/Roboto,/Script/Engine.Font,Hard,1743,None
0,/Engine/EngineFonts/RobotoDistanceField,/Script/Engine.Font,Hard,137693,None
0,/Engine/EngineMaterials/BaseFlattenDiffuseMap,/Script/Engine.Texture2D,Hard,1928,None
0,/Engine/EngineMaterials/BaseFlattenDiffuseMap_VT,/Script/Engine.Texture2D,Hard,75336,None
0,/Engine/EngineMaterials/BaseFlattenEmissiveMap,/Script/Engine.Texture2D,Hard,1928,None
0,/Engine/EngineMaterials/BaseFlattenEmissiveMap_VT,/Script/Engine.Texture2D,Hard,75336,None
0,/Engine/EngineMaterials/BaseFlattenGrayscaleMap,/Script/Engine.Texture2D,Hard,2605,None
0,/Engine/EngineMaterials/BaseFlattenGrayscaleMap_VT,/Script/Engine.Texture2D,Hard,149326,None
0,/Engine/EngineMaterials/BaseFlattenLinearColor,/Script/Engine.Texture2D,Hard,1934,None
0,/Engine/EngineMaterials/BaseFlattenLinearColor_VT,/Script/Engine.Texture2D,Hard,75342,None
0,/Engine/EngineMaterials/BaseFlattenNormalMap,/Script/Engine.Texture2D,Hard,942,None
0,/Engine/EngineMaterials/BaseFlattenNormalMap_VT,/Script/Engine.Texture2D,Hard,149320,None
0,/Engine/EngineMaterials/Black_1x1_EXR_Texture_VT,/Script/Engine.Texture2D,Hard,1185115,None
0,/Engine/EngineMaterials/DefaultBloomKernel,/Script/Engine.Texture2D,Hard,2098086,None
0,/Engine/EngineMaterials/DefaultBokeh,/Script/Engine.Texture2D,Hard,23121,None
0,/Engine/EngineMaterials/DefaultCalibrationColor,/Script/Engine.Texture2D,Hard,1037733,None
0,/Engine/EngineMaterials/DefaultCalibrationGrayscale,/Script/Engine.Texture2D,Hard,8295356,None
0,/Engine/EngineMaterials/DefaultDeferredDecalMaterial,/Script/Engine.Material,Hard,54926,None
0,/Engine/EngineMaterials/DefaultDestructiblePhysicalMaterial,/Script/PhysicsCore.PhysicalMaterial,Hard,797,None
0,/Engine/EngineMaterials/DefaultDiffuse,/Script/Engine.Texture2D,Hard,700577,None
0,/Engine/EngineMaterials/DefaultLightFunctionMaterial,/Script/Engine.Material,Hard,47365,None
0,/Engine/EngineMaterials/DefaultMaterial,/Script/Engine.Material,Hard,30318,None
0,/Engine/EngineMaterials/DefaultPhysicalMaterial,/Script/PhysicsCore.PhysicalMaterial,Hard,755,None
0,/Engine/EngineMaterials/DefaultPostProcessMaterial,/Script/Engine.Material,Hard,26604,None
0,/Engine/EngineMaterials/DefaultTextMaterialOpaque,/Script/Engine.Material,Hard,20520,None
0,/Engine/EngineMaterials/DefaultWhiteGrid,/Script/Engine.Texture2D,Hard,12272,None
0,/Engine/EngineMaterials/DefaultWhiteGrid_Low,/Script/Engine.Texture2D,Hard,933,None
0,/Engine/EngineMaterials/EmissiveMeshMaterial,/Script/Engine.Material,Hard,18144,None
0,/Engine/EngineMaterials/EnergyConservation/Diffuse_Energy,/Script/Engine.Texture2D,Hard,9173,None
0,/Engine/EngineMaterials/EnergyConservation/GGX_ReflectionEnergy,/Script/Engine.Texture2D,Hard,9191,None
0,/Engine/EngineMaterials/EnergyConservation/GGX_TransmissionEnergyArray,/Script/Engine.Texture2D,Hard,525308,None
0,/Engine/EngineMaterials/EnergyConservation/Sheen_Energy,/Script/Engine.Texture2D,Hard,9167,None
0,/Engine/EngineMaterials/EnergyConservation/SheenLegacy_Energy,/Script/Engine.Texture2D,Hard,9185,None
0,/Engine/EngineMaterials/FastBlueNoise_scalar_128x128x64,/Script/Engine.Texture2D,Hard,1049535,None
0,/Engine/EngineMaterials/FastBlueNoise_scalar_128x128x8,/Script/Engine.Texture2D,Hard,132156,None
0,/Engine/EngineMaterials/FastBlueNoise_vec2_128x128x64,/Script/Engine.Texture2D,Hard,4195269,None
0,/Engine/EngineMaterials/FlattenMaterial,/Script/Engine.Material,Hard,20432,None
0,/Engine/EngineMaterials/FlattenMaterial_VT,/Script/Engine.Material,Hard,17437,None
0,/Engine/EngineMaterials/FlattenMaterial_WS_Normal_VT,/Script/Engine.Material,Hard,17470,None
0,/Engine/EngineMaterials/GizmoMaterial,/Script/Engine.Material,Hard,11681,None
0,/Engine/EngineMaterials/Good64x64TilingNoiseHighFreq,/Script/Engine.Texture2D,Hard,5046,None
0,/Engine/EngineMaterials/HairColorMap,/Script/Engine.Texture2D,Hard,17768,None
0,/Engine/EngineMaterials/HairDebugColor,/Script/Engine.Texture2D,Hard,1934,None
0,/Engine/EngineMaterials/InvalidLightmapSettings,/Script/Engine.Texture2D,Hard,176255,None
0,/Engine/EngineMaterials/LTC/GGX_LTCAmp,/Script/Engine.Texture2D,Hard,33707,None
0,/Engine/EngineMaterials/LTC/GGX_LTCMat,/Script/Engine.Texture2D,Hard,33707,None
0,/Engine/EngineMaterials/LTC/Sheen_LTC,/Script/Engine.Texture2D,Hard,9128,None
0,/Engine/EngineMaterials/M_InvalidLightmapSettings,/Script/Engine.Material,Hard,12998,None
0,/Engine/EngineMaterials/MiniFont,/Script/Engine.Texture2D,Hard,2935,None
0,/Engine/EngineMaterials/NaniteHiddenSectionMaterial,/Script/Engine.Material,Hard,18105,None
0,/Engine/EngineMaterials/PhAT_JointLimitMaterial,/Script/Engine.Material,Hard,14227,None
0,/Engine/EngineMaterials/PPM_DefaultCalibrationColor,/Script/Engine.Material,Hard,9065,None
0,/Engine/EngineMaterials/PPM_DefaultCalibrationGrayscale,/Script/Engine.Material,Hard,9082,None
0,/Engine/EngineMaterials/PreintegratedSkinBRDF,/Script/Engine.Texture2D,Hard,263076,None
0,/Engine/EngineMaterials/RemoveSurfaceMaterial,/Script/Engine.Material,Hard,8056,None
0,/Engine/EngineMaterials/Substrate/GLints/AGlintTex2dArray,/Script/Engine.Texture2DArray,Hard,1041715,None
0,/Engine/EngineMaterials/Substrate/Glints2/AGlintTex2dArray2,/Script/Engine.Texture2DArray,Hard,2082100,None
0,/Engine/EngineMaterials/Substrate/Volume/SubstrateSimpleVolumeEnvLUT3D,/Script/Engine.VolumeTexture,Hard,2924,None
0,/Engine/EngineMaterials/Substrate/Volume/SubstrateSimpleVolumeLUT3D,/Script/Engine.VolumeTexture,Hard,18403,None
0,/Engine/EngineMaterials/T_Default_Material_Grid_M,/Script/Engine.Texture2D,Hard,351040,None
0,/Engine/EngineMaterials/T_Default_Material_Grid_N,/Script/Engine.Texture2D,Hard,88839,None
0,/Engine/EngineMaterials/WeightMapArrayPlaceholderTexture,/Script/Engine.Texture2DArray,Hard,985,None
0,/Engine/EngineMaterials/WeightMapPlaceholderTexture,/Script/Engine.Texture2D,Hard,1031,None
0,/Engine/EngineMaterials/Widget3DPassThrough,/Script/Engine.Material,Hard,11814,None
0,/Engine/EngineMaterials/Widget3DPassThrough_Masked,/Script/Engine.MaterialInstanceConstant,Hard,20120,None
0,/Engine/EngineMaterials/Widget3DPassThrough_Masked_OneSided,/Script/Engine.MaterialInstanceConstant,Hard,20117,None
0,/Engine/EngineMaterials/Widget3DPassThrough_Opaque,/Script/Engine.MaterialInstanceConstant,Hard,11932,None
0,/Engine/EngineMaterials/Widget3DPassThrough_Opaque_OneSided,/Script/Engine.MaterialInstanceConstant,Hard,8745,None
0,/Engine/EngineMaterials/Widget3DPassThrough_Translucent,/Script/Engine.MaterialInstanceConstant,Hard,13009,None
0,/Engine/EngineMaterials/Widget3DPassThrough_Translucent_OneSided,/Script/Engine.MaterialInstanceConstant,Hard,11440,None
0,/Engine/EngineMaterials/WorldGridMaterial,/Script/Engine.Material,Hard,675896,None
0,/Engine/EngineMeshes/Cube,/Script/Engine.StaticMesh,Hard,207119,None
0,/Engine/EngineMeshes/Sphere,/Script/Engine.StaticMesh,Hard,447085,None
0,/Engine/EngineResources/Black,/Script/Engine.Texture2D,Hard,1861,None
0,/Engine/EngineResources/DefaultTexture,/Script/Engine.Texture2D,Hard,12250,None
0,/Engine/EngineResources/DefaultTextureCube,/Script/Engine.TextureCube,Hard,66934,None
0,/Engine/EngineResources/DefaultVolumeTexture,/Script/Engine.VolumeTexture,Hard,1187,None
0,/Engine/EngineResources/DefaultVolumeTexture2D,/Script/Engine.Texture2D,Hard,1171,None
0,/Engine/EngineResources/Development/ZenLogo_64,/Script/Engine.Texture2D,Hard,6763,None
0,/Engine/EngineResources/FilmGrains/Marcie_Grain_v3_128_M2_000,/Script/Engine.Texture2D,Hard,17352,None
0,/Engine/EngineResources/GradientTexture0,/Script/Engine.Texture2D,Hard,6688,None
0,/Engine/EngineResources/LandscapeVisibilityLayerInfo,/Script/Landscape.LandscapeLayerInfoObject,Hard,809,None
0,/Engine/EngineResources/WhiteSquareTexture,/Script/Engine.Texture2D,Hard,1900,None
0,/Engine/EngineSky/M_SimpleSkyDome,/Script/Engine.Material,Hard,8036,None
0,/Engine/EngineSky/M_Sky_Panning_Clouds2,/Script/Engine.Material,Hard,12614,None
0,/Engine/EngineSky/SM_SkySphere,/Script/Engine.StaticMesh,Hard,2062449,None
0,/Engine/EngineSky/T_Sky_Blue,/Script/Engine.Texture2D,Hard,2797770,None
0,/Engine/EngineSky/T_Sky_Clouds_M,/Script/Engine.Texture2D,Hard,700510,None
0,/Engine/EngineSky/T_Sky_Stars,/Script/Engine.Texture2D,Hard,176210,None
0,/Engine/EngineSky/VolumetricClouds/m_SimpleVolumetricCloud,/Script/Engine.Material,Hard,78245,None
0,/Engine/EngineSky/VolumetricClouds/m_SimpleVolumetricCloud_Inst,/Script/Engine.MaterialInstanceConstant,Hard,1978,None
0,/Engine/EngineSky/VolumetricClouds/T_CloudMask,/Script/Engine.Texture2D,Hard,5593944,None
0,/Engine/EngineSky/VolumetricClouds/T_CloudPattern,/Script/Engine.Texture2D,Hard,700477,None
0,/Engine/EngineSky/VolumetricClouds/T_Profile_08,/Script/Engine.Texture2D,Hard,700471,None
0,/Engine/EngineSky/VolumetricClouds/VT_Lightning,/Script/Engine.VolumeTexture,Hard,1199664,None
0,/Engine/EngineSky/VolumetricClouds/VT_PerlinWorley_Balanced,/Script/Engine.VolumeTexture,Hard,8389573,None
0,/Engine/EngineSounds/Master,/Script/Engine.SoundClass,Hard,668,None
0,/Engine/EngineSounds/Submixes/MasterEQEffectPreset,/Script/AudioMixer.SubmixEffectSubmixEQPreset,Hard,761,None
0,/Engine/EngineSounds/Submixes/MasterEQSubmixDefault,/Script/Engine.SoundSubmix,Hard,1116,None
0,/Engine/EngineSounds/Submixes/MasterReverbEffectPreset,/Script/AudioMixer.SubmixEffectReverbPreset,Hard,769,None
0,/Engine/EngineSounds/Submixes/MasterReverbSubmixDefault,/Script/Engine.SoundSubmix,Hard,1135,None
0,/Engine/EngineSounds/Submixes/MasterSubmixDefault,/Script/Engine.SoundSubmix,Hard,1060,None
0,/Engine/Functions/Engine_MaterialFunctions01/Debug/DebugIntValues,/Script/Engine.MaterialFunction,Hard,875,None
0,/Engine/Functions/Engine_MaterialFunctions01/Opacity/CameraDepthFade,/Script/Engine.MaterialFunction,Hard,913,None
0,/Engine/Functions/Engine_MaterialFunctions01/Shading/ConvertFromDiffSpec,/Script/Engine.MaterialFunction,Hard,796,None
0,/Engine/Functions/Engine_MaterialFunctions01/Shading/PowerToRoughness,/Script/Engine.MaterialFunction,Hard,787,None
0,/Engine/Functions/Engine_MaterialFunctions01/Texturing/FlattenNormal,/Script/Engine.MaterialFunction,Hard,820,None
0,/Engine/Functions/Engine_MaterialFunctions01/Texturing/ScaleUVsByCenter,/Script/Engine.MaterialFunction,Hard,794,None
0,/Engine/Functions/Engine_MaterialFunctions01/Texturing/TextureCropping,/Script/Engine.MaterialFunction,Hard,909,None
0,/Engine/Functions/Engine_MaterialFunctions01/Units/Km-to-Cm,/Script/Engine.MaterialFunction,Hard,813,None
0,/Engine/Functions/Engine_MaterialFunctions02/ExampleContent/DebugNumberStrip,/Script/Engine.Texture2D,Hard,89029,None
0,/Engine/Functions/Engine_MaterialFunctions02/Math/AddComponents,/Script/Engine.MaterialFunction,Hard,851,None
0,/Engine/Functions/Engine_MaterialFunctions02/Math/Transform3x3Matrix,/Script/Engine.MaterialFunction,Hard,832,None
0,/Engine/Functions/Engine_MaterialFunctions02/ObjectLocalBounds,/Script/Engine.MaterialFunction,Hard,774,None
0,/Engine/Functions/Engine_MaterialFunctions02/PivotPainter2/Black_1x1_EXR_Texture,/Script/Engine.Texture2D,Hard,1019,None
0,/Engine/Functions/Engine_MaterialFunctions02/SafeNormalize,/Script/Engine.MaterialFunction,Hard,981,None
0,/Engine/Functions/Engine_MaterialFunctions02/SplitComponents,/Script/Engine.MaterialFunction,Hard,771,None
0,/Engine/Functions/Engine_MaterialFunctions02/Texturing/ScreenAlignedPixelToPixelUVs,/Script/Engine.MaterialFunction,Hard,1044,None
0,/Engine/Functions/Engine_MaterialFunctions02/Utility/BreakOutFloat2Components,/Script/Engine.MaterialFunction,Hard,927,None
0,/Engine/Functions/Engine_MaterialFunctions02/Utility/BreakOutFloat3Components,/Script/Engine.MaterialFunction,Hard,927,None
0,/Engine/Functions/Engine_MaterialFunctions02/Utility/BreakOutFloat4Components,/Script/Engine.MaterialFunction,Hard,927,None
0,/Engine/Functions/Engine_MaterialFunctions02/Utility/CameraDirectionVector,/Script/Engine.MaterialFunction,Hard,856,None
0,/Engine/Functions/Engine_MaterialFunctions02/Utility/MakeFloat2,/Script/Engine.MaterialFunction,Hard,835,None
0,/Engine/Functions/Engine_MaterialFunctions02/Utility/MakeFloat3,/Script/Engine.MaterialFunction,Hard,835,None
0,/Engine/Functions/Engine_MaterialFunctions02/Utility/MakeFloat4,/Script/Engine.MaterialFunction,Hard,835,None
0,/Engine/Functions/Engine_MaterialFunctions02/Utility/VectorLength,/Script/Engine.MaterialFunction,Hard,810,None
0,/Engine/Functions/Engine_MaterialFunctions02/UVs/BoundingBoxBased_0-1_UVW,/Script/Engine.MaterialFunction,Hard,861,None
0,/Engine/Functions/Engine_MaterialFunctions02/WorldPositionOffset/CameraOffset,/Script/Engine.MaterialFunction,Hard,916,None
0,/Engine/Functions/Engine_MaterialFunctions02/WorldPositionOffset/LocalPosition,/Script/Engine.MaterialFunction,Hard,907,None
0,/Engine/Functions/Engine_MaterialFunctions02/WorldPositionOffset/ObjectScale,/Script/Engine.MaterialFunction,Hard,903,None
0,/Engine/Functions/Engine_MaterialFunctions03/Math/RemapValueRange,/Script/Engine.MaterialFunction,Hard,873,None
0,/Engine/Functions/Engine_MaterialFunctions03/Math/WithinRangeFloat2,/Script/Engine.MaterialFunction,Hard,864,None
0,/Engine/Maps/Entry,/Script/Engine.World,Hard,3125,None
0,/Engine/Maps/Entry_BuiltData,/Script/Engine.MapBuildDataRegistry,Hard,24671,None
0,/Engine/MapTemplates/TilingNoise05,/Script/Engine.Texture2D,Hard,176225,None
0,/Engine/MobileResources/HUD/DefaultVirtualJoysticks,/Script/Engine.TouchInterface,Hard,1402,None
0,/Engine/MobileResources/HUD/VirtualJoystick_Background,/Script/Engine.Texture2D,Hard,263105,None
0,/Engine/MobileResources/HUD/VirtualJoystick_Thumb,/Script/Engine.Texture2D,Hard,17330,None
0,/Engine/VREditor/LaserPointer/VR_LaserPower_01,/Script/Engine.Texture2D,Hard,176246,None
0,/Engine/VREditor/SnapGrid/SnapGridMaterial,/Script/Engine.Material,Hard,21145,None
0,/Engine/VREditor/SnapGrid/SnapGridPlaneMesh,/Script/Engine.StaticMesh,Hard,4158,None
0,/Engine/VREditor/Sounds/UI/Drop_Item_From_ContentBrowser,/Script/Engine.SoundWave,Hard,15337,None
0,/Engine/VREditor/Sounds/UI/Gizmo_Handle_Clicked,/Script/Engine.SoundWave,Hard,14000,None
0,/Engine/VREditor/Sounds/UI/Object_PickUp,/Script/Engine.SoundWave,Hard,14227,None
0,/Engine/VREditor/Sounds/UI/Object_Snaps_To_Another_Actor,/Script/Engine.SoundWave,Hard,15145,None
0,/Engine/VREditor/Sounds/UI/Object_Snaps_To_Grid,/Script/Engine.SoundWave,Hard,13070,None
0,/Engine/VREditor/Sounds/UI/Scaling_Down,/Script/Engine.SoundWave,Hard,11288,None
0,/Engine/VREditor/Sounds/UI/Scaling_Up,/Script/Engine.SoundWave,Hard,11002,None
0,/Engine/VREditor/Sounds/UI/Selection_Changes,/Script/Engine.SoundWave,Hard,6983,None
0,/Engine/VREditor/TransformGizmo/BoundingBoxCorner,/Script/Engine.StaticMesh,Hard,13660,None
0,/Engine/VREditor/TransformGizmo/BoundingBoxEdge,/Script/Engine.StaticMesh,Hard,8500,None
0,/Engine/VREditor/TransformGizmo/Main,/Script/Engine.Material,Hard,10956,None
0,/Engine/VREditor/TransformGizmo/PlaneTranslationHandle,/Script/Engine.StaticMesh,Hard,14441,None
0,/Engine/VREditor/TransformGizmo/RotationHandleFull,/Script/Engine.StaticMesh,Hard,144998,None
0,/Engine/VREditor/TransformGizmo/RotationHandleIndicator,/Script/Engine.StaticMesh,Hard,18295,None
0,/Engine/VREditor/TransformGizmo/RotationHandleQuarter,/Script/Engine.StaticMesh,Hard,48668,None
0,/Engine/VREditor/TransformGizmo/SM_Sequencer_Node,/Script/Engine.StaticMesh,Hard,13365,None
0,/Engine/VREditor/TransformGizmo/StartRotationHandleIndicator,/Script/Engine.StaticMesh,Hard,26928,None
0,/Engine/VREditor/TransformGizmo/TransformGizmoFreeRotation,/Script/Engine.StaticMesh,Hard,2833047,None
0,/Engine/VREditor/TransformGizmo/TransformGizmoMaterial,/Script/Engine.Material,Hard,8775,None
0,/Engine/VREditor/TransformGizmo/TransformGizmoMaterial_Inst,/Script/Engine.MaterialInstanceConstant,Hard,1039,None
0,/Engine/VREditor/TransformGizmo/TranslateArrowHandle,/Script/Engine.StaticMesh,Hard,18373,None
0,/Engine/VREditor/TransformGizmo/TranslucentTransformGizmoMaterial,/Script/Engine.Material,Hard,11091,None
0,/Engine/VREditor/TransformGizmo/TranslucentTransformGizmoMaterial_Inst,/Script/Engine.MaterialInstanceConstant,Hard,1095,None
0,/Engine/VREditor/TransformGizmo/UniformScaleHandle,/Script/Engine.StaticMesh,Hard,14769,None
0,/Engine/VREditor/TransformGizmo/Xray,/Script/Engine.Material,Hard,9028,None
0,/Game/BP/BP_Main_Menu_Manager,/Script/Engine.Blueprint,Soft: Unknown reference chain. Soft From Unassigned Package?,4450,None
0,/Game/BP/BP_Main_Menu_Manager,/Script/Engine.BlueprintGeneratedClass,Soft: Unknown reference chain. Soft From Unassigned Package?,4450,None
0,/Game/BP/BP_Music_Manager,/Script/Engine.Blueprint,Soft: Unknown reference chain. Soft From Unassigned Package?,3693,None
0,/Game/BP/BP_Music_Manager,/Script/Engine.BlueprintGeneratedClass,Soft: Unknown reference chain. Soft From Unassigned Package?,3693,None
0,/Game/BP/Checkpoint,/Script/Engine.Blueprint,Soft: Unknown reference chain. Soft From Unassigned Package?,8974,None
0,/Game/BP/Checkpoint,/Script/Engine.BlueprintGeneratedClass,Soft: Unknown reference chain. Soft From Unassigned Package?,8974,None
0,/Game/BP/FleursDamage,/Script/Engine.Blueprint,Soft: Unknown reference chain. Soft From Unassigned Package?,9427,None
0,/Game/BP/FleursDamage,/Script/Engine.BlueprintGeneratedClass,Soft: Unknown reference chain. Soft From Unassigned Package?,9427,None
0,/Game/BP/Mask_Electricien,/Script/Engine.Blueprint,Soft: Unknown reference chain. Soft From Unassigned Package?,5416,None
0,/Game/BP/Mask_Electricien,/Script/Engine.BlueprintGeneratedClass,Soft: Unknown reference chain. Soft From Unassigned Package?,5416,None
0,/Game/BP/MasksParent,/Script/Engine.Blueprint,Soft: Unknown reference chain. Soft From Unassigned Package?,5920,None
0,/Game/BP/MasksParent,/Script/Engine.BlueprintGeneratedClass,Soft: Unknown reference chain. Soft From Unassigned Package?,5920,None
0,/Game/BP/PickUp,/Script/Engine.Blueprint,Soft: Unknown reference chain. Soft From Unassigned Package?,4953,None
0,/Game/BP/PickUp,/Script/Engine.BlueprintGeneratedClass,Soft: Unknown reference chain. Soft From Unassigned Package?,4953,None
0,/Game/BP/Player,/Script/Engine.Blueprint,Soft: Unknown reference chain. Soft From Unassigned Package?,37439,None
0,/Game/BP/Player,/Script/Engine.BlueprintGeneratedClass,Soft: Unknown reference chain. Soft From Unassigned Package?,37439,None
0,/Game/Gamemode/Gamemode_01,/Script/Engine.Blueprint,Soft: Unknown reference chain. Soft From Unassigned Package?,2697,None
0,/Game/Gamemode/Gamemode_01,/Script/Engine.BlueprintGeneratedClass,Soft: Unknown reference chain. Soft From Unassigned Package?,2697,None
0,/Game/Inputs/IMC_Player_Input,/Script/EnhancedInput.InputMappingContext,Soft: Unknown reference chain. Soft From Unassigned Package?,1846,None
0,/Game/Inputs/Input_Down,/Script/EnhancedInput.InputAction,Soft: Unknown reference chain. Soft From Unassigned Package?,671,None
0,/Game/Inputs/Input_Interagir,/Script/EnhancedInput.InputAction,Soft: Unknown reference chain. Soft From Unassigned Package?,685,None
0,/Game/Inputs/Input_Left,/Script/EnhancedInput.InputAction,Soft: Unknown reference chain. Soft From Unassigned Package?,671,None
0,/Game/Inputs/Input_Right,/Script/EnhancedInput.InputAction,Soft: Unknown reference chain. Soft From Unassigned Package?,674,None
0,/Game/Inputs/Input_SpaceBar,/Script/EnhancedInput.InputAction,Soft: Unknown reference chain. Soft From Unassigned Package?,682,None
0,/Game/Inputs/Input_Up,/Script/EnhancedInput.InputAction,Soft: Unknown reference chain. Soft From Unassigned Package?,665,None
0,/Game/Interface/MasksInterface,/Script/Engine.Blueprint,Soft: Unknown reference chain. Soft From Unassigned Package?,1486,None
0,/Game/Interface/MasksInterface,/Script/Engine.BlueprintGeneratedClass,Soft: Unknown reference chain. Soft From Unassigned Package?,1486,None
0,/Game/Interface/PickUpInterface,/Script/Engine.Blueprint,Soft: Unknown reference chain. Soft From Unassigned Package?,1492,None
0,/Game/Interface/PickUpInterface,/Script/Engine.BlueprintGeneratedClass,Soft: Unknown reference chain. Soft From Unassigned Package?,1492,None
0,/Game/Interface/PlayerInterface,/Script/Engine.Blueprint,Soft: Unknown reference chain. Soft From Unassigned Package?,2165,None
0,/Game/Interface/PlayerInterface,/Script/Engine.BlueprintGeneratedClass,Soft: Unknown reference chain. Soft From Unassigned Package?,2165,None
0,/Game/Level/BP_StreamingVolume,/Script/Engine.Blueprint,Soft: Unknown reference chain. Soft From Unassigned Package?,8771,None
0,/Game/Level/BP_StreamingVolume,/Script/Engine.BlueprintGeneratedClass,Soft: Unknown reference chain. Soft From Unassigned Package?,8771,None
0,/Game/Level/DorianLvlLayout/Lvl_Design/Bunker/Bunker_mur,/Script/Engine.StaticMesh,Soft: Unknown reference chain. Soft From Unassigned Package?,447454,None
0,/Game/Level/DorianLvlLayout/Lvl_Design/Bunker/Bunker_mur_ext,/Script/Engine.StaticMesh,Soft: Unknown reference chain. Soft From Unassigned Package?,1119386,None
0,/Game/Level/DorianLvlLayout/Lvl_Design/Bunker/Bunker_mur_int,/Script/Engine.StaticMesh,Soft: Unknown reference chain. Soft From Unassigned Package?,752536,None
0,/Game/Level/DorianLvlLayout/Lvl_Design/Bunker/Bunker_mur_porte,/Script/Engine.StaticMesh,Soft: Unknown reference chain. Soft From Unassigned Package?,494504,None
0,/Game/Level/DorianLvlLayout/Lvl_Design/Bunker/Bunker_petit_mur,/Script/Engine.StaticMesh,Soft: Unknown reference chain. Soft From Unassigned Package?,186976,None
0,/Game/Level/DorianLvlLayout/Lvl_Design/Bunker/Bunker_porte,/Script/Engine.StaticMesh,Soft: Unknown reference chain. Soft From Unassigned Package?,61652,None
0,/Game/Level/DorianLvlLayout/Lvl_Design/Bunker/standardSurface1,/Script/Engine.Material,Soft: Unknown reference chain. Soft From Unassigned Package?,10828,None
0,/Game/Level/Main_Menu,/Script/Engine.World,Soft: Unknown reference chain. Soft From Unassigned Package?,6269,None
0,/Game/Level/Main_Menu,/Script/Engine.BlueprintGeneratedClass,Soft: Unknown reference chain. Soft From Unassigned Package?,6269,None
0,/Game/Level/Sub_level/JuMap,/Script/Engine.World,Soft: Unknown reference chain. Soft From Unassigned Package?,111028,None
0,/Game/Level/Sub_level/Map_Sublevel_1,/Script/Engine.World,Soft: Unknown reference chain. Soft From Unassigned Package?,2999,None
0,/Game/Level/Sub_level/Map_Sublevel_2,/Script/Engine.World,Soft: Unknown reference chain. Soft From Unassigned Package?,6336,None
0,/Game/Level/Sub_level/Map_Sublevel_3,/Script/Engine.World,Soft: Unknown reference chain. Soft From Unassigned Package?,3000,None
0,/Game/Material/M_ActiveCheckPoint,/Script/Engine.Material,Soft: Unknown reference chain. Soft From Unassigned Package?,8767,None
0,/Game/Material/M_Checkpoint,/Script/Engine.Material,Soft: Unknown reference chain. Soft From Unassigned Package?,8749,None
0,/Game/Material/M_Fleurs1,/Script/Engine.Material,Soft: Unknown reference chain. Soft From Unassigned Package?,8740,None
0,/Game/Material/M_Mask,/Script/Engine.Material,Soft: Unknown reference chain. Soft From Unassigned Package?,8949,None
0,/Game/Material/M_Mask_Elec,/Script/Engine.Material,Soft: Unknown reference chain. Soft From Unassigned Package?,8746,None
0,/Game/Material/M_PickUp,/Script/Engine.Material,Soft: Unknown reference chain. Soft From Unassigned Package?,8737,None
0,/Game/Material/Seethrough/M_TestMasking,/Script/Engine.Material,Soft: Unknown reference chain. Soft From Unassigned Package?,23201,None
0,/Game/Material/Seethrough/Mf_Occlusion_Mask,/Script/Engine.MaterialFunction,Soft: Unknown reference chain. Soft From Unassigned Package?,736,None
0,/Game/Material/Seethrough/MI_TestMasking_Inst,/Script/Engine.MaterialInstanceConstant,Soft: Unknown reference chain. Soft From Unassigned Package?,1505,None
0,/Game/Material/Seethrough/MPC_Occlusion,/Script/Engine.MaterialParameterCollection,Soft: Unknown reference chain. Soft From Unassigned Package?,803,None
0,/Game/Sound_Design/Master_Sound_Class,/Script/Engine.SoundClass,Soft: Unknown reference chain. Soft From Unassigned Package?,1301,None
0,/Game/Sound_Design/Master_Volume_Mixer,/Script/Engine.SoundMix,Soft: Unknown reference chain. Soft From Unassigned Package?,890,None
0,/Game/Sound_Design/Music_Sound_Class,/Script/Engine.SoundClass,Soft: Unknown reference chain. Soft From Unassigned Package?,1012,None
0,/Game/Sound_Design/Music_Volume_Mixer,/Script/Engine.SoundMix,Soft: Unknown reference chain. Soft From Unassigned Package?,878,None
0,/Game/Sound_Design/SFX_Sound_Class,/Script/Engine.SoundClass,Soft: Unknown reference chain. Soft From Unassigned Package?,1002,None
0,/Game/Sound_Design/SFX_Volume_Mixer,/Script/Engine.SoundMix,Soft: Unknown reference chain. Soft From Unassigned Package?,868,None
0,/Game/Sound_Design/Voice_Sound_Class,/Script/Engine.SoundClass,Soft: Unknown reference chain. Soft From Unassigned Package?,1012,None
0,/Game/Sound_Design/Voice_Volume_Mixer,/Script/Engine.SoundMix,Soft: Unknown reference chain. Soft From Unassigned Package?,878,None
0,/Game/Sprites/Chara/anim_marche_face-export1,/Script/Engine.Texture2D,Soft: Unknown reference chain. Soft From Unassigned Package?,8363,None
0,/Game/Sprites/Chara/anim_marche_face-export1_Mat,/Script/Engine.Material,Soft: Unknown reference chain. Soft From Unassigned Package?,9164,None
0,/Game/Sprites/Dialoguies/michael_ui_dialogue-export,/Script/Engine.Texture2D,Soft: Unknown reference chain. Soft From Unassigned Package?,80815,None
0,/Game/Sprites/Dialoguies/mickael_popup_dialogue,/Script/Engine.Texture2D,Soft: Unknown reference chain. Soft From Unassigned Package?,250932,None
0,/Game/Sprites/Dialoguies/tom_popup_dialogue,/Script/Engine.Texture2D,Soft: Unknown reference chain. Soft From Unassigned Package?,250920,None
0,/Game/Sprites/Dialoguies/tom_ui_dialogue,/Script/Engine.Texture2D,Soft: Unknown reference chain. Soft From Unassigned Package?,80782,None
0,/Game/Sprites/Dialoguies/ui_dialogue-export,/Script/Engine.Texture2D,Soft: Unknown reference chain. Soft From Unassigned Package?,1518931,None
0,/Game/Widgets/BP_Game_Instance,/Script/Engine.Blueprint,Soft: Unknown reference chain. Soft From Unassigned Package?,13099,None
0,/Game/Widgets/BP_Game_Instance,/Script/Engine.BlueprintGeneratedClass,Soft: Unknown reference chain. Soft From Unassigned Package?,13099,None
0,/Game/Widgets/BP_Save_Game,/Script/Engine.Blueprint,Soft: Unknown reference chain. Soft From Unassigned Package?,1976,None
0,/Game/Widgets/BP_Save_Game,/Script/Engine.BlueprintGeneratedClass,Soft: Unknown reference chain. Soft From Unassigned Package?,1976,None
0,/Game/Widgets/ST_Quality_Index,/Script/CoreUObject.UserDefinedStruct,Soft: Unknown reference chain. Soft From Unassigned Package?,1357,None
0,/Game/Widgets/WG_Apply_Button,/Script/UMGEditor.WidgetBlueprint,Soft: Unknown reference chain. Soft From Unassigned Package?,4039,None
0,/Game/Widgets/WG_Apply_Button,/Script/UMG.WidgetBlueprintGeneratedClass,Soft: Unknown reference chain. Soft From Unassigned Package?,4039,None
0,/Game/Widgets/WG_Audio_Menu,/Script/UMGEditor.WidgetBlueprint,Soft: Unknown reference chain. Soft From Unassigned Package?,48645,None
0,/Game/Widgets/WG_Audio_Menu,/Script/UMG.WidgetBlueprintGeneratedClass,Soft: Unknown reference chain. Soft From Unassigned Package?,48645,None
0,/Game/Widgets/WG_Back_Button,/Script/UMGEditor.WidgetBlueprint,Soft: Unknown reference chain. Soft From Unassigned Package?,4012,None
0,/Game/Widgets/WG_Back_Button,/Script/UMG.WidgetBlueprintGeneratedClass,Soft: Unknown reference chain. Soft From Unassigned Package?,4012,None
0,/Game/Widgets/WG_Main_Menu,/Script/UMGEditor.WidgetBlueprint,Soft: Unknown reference chain. Soft From Unassigned Package?,16372,None
0,/Game/Widgets/WG_Main_Menu,/Script/UMG.WidgetBlueprintGeneratedClass,Soft: Unknown reference chain. Soft From Unassigned Package?,16372,None
0,/Game/Widgets/WG_Reset_Button,/Script/UMGEditor.WidgetBlueprint,Soft: Unknown reference chain. Soft From Unassigned Package?,4276,None
0,/Game/Widgets/WG_Reset_Button,/Script/UMG.WidgetBlueprintGeneratedClass,Soft: Unknown reference chain. Soft From Unassigned Package?,4276,None
0,/Game/Widgets/WG_Video_Menu,/Script/UMGEditor.WidgetBlueprint,Soft: Unknown reference chain. Soft From Unassigned Package?,71209,None
0,/Game/Widgets/WG_Video_Menu,/Script/UMG.WidgetBlueprintGeneratedClass,Soft: Unknown reference chain. Soft From Unassigned Package?,71209,None
0,/Game/Widgets_Ju/Dialogues/Dialogue1,/Script/UMGEditor.WidgetBlueprint,Soft: Unknown reference chain. Soft From Unassigned Package?,20201,None
0,/Game/Widgets_Ju/Dialogues/Dialogue1,/Script/UMG.WidgetBlueprintGeneratedClass,Soft: Unknown reference chain. Soft From Unassigned Package?,20201,None
0,/Game/Widgets_Ju/Dialogues/Dialogue_Ref,/Script/UMGEditor.WidgetBlueprint,Soft: Unknown reference chain. Soft From Unassigned Package?,17917,None
0,/Game/Widgets_Ju/Dialogues/Dialogue_Ref,/Script/UMG.WidgetBlueprintGeneratedClass,Soft: Unknown reference chain. Soft From Unassigned Package?,17917,None
0,/Game/Widgets_Ju/GlobalUI,/Script/UMGEditor.WidgetBlueprint,Soft: Unknown reference chain. Soft From Unassigned Package?,5840,None
0,/Game/Widgets_Ju/GlobalUI,/Script/UMG.WidgetBlueprintGeneratedClass,Soft: Unknown reference chain. Soft From Unassigned Package?,5840,None
0,/Game/Widgets_Ju/MaskWidget,/Script/UMGEditor.WidgetBlueprint,Soft: Unknown reference chain. Soft From Unassigned Package?,7068,None
0,/Game/Widgets_Ju/MaskWidget,/Script/UMG.WidgetBlueprintGeneratedClass,Soft: Unknown reference chain. Soft From Unassigned Package?,7068,None
0,/HairStrands/Materials/HairCardsDefaultMaterial,/Script/Engine.Material,Hard,55079,None
0,/HairStrands/Materials/HairDebugMaterial,/Script/Engine.Material,Hard,57089,None
0,/HairStrands/Materials/HairDefaultMaterial,/Script/Engine.Material,Hard,34695,None
0,/HairStrands/Materials/HairGroupColors,/Script/Engine.Texture2D,Hard,967,None
0,/HairStrands/Materials/HairMeshesDefaultMaterial,/Script/Engine.Material,Hard,34716,None
0,/Interchange/Pipelines/DefaultAssetsPipeline,/Script/InterchangePipelines.InterchangeGenericAssetsPipeline,Soft: Unknown reference chain. Soft From Unassigned Package?,13604,None
0,/Interchange/Pipelines/DefaultGLTFAssetsPipeline,/Script/InterchangePipelines.InterchangeGenericAssetsPipeline,Soft: Unknown reference chain. Soft From Unassigned Package?,13630,None
0,/Interchange/Pipelines/DefaultGLTFPipeline,/Script/InterchangePipelines.InterchangeGLTFPipeline,Soft: Unknown reference chain. Soft From Unassigned Package?,993,None
0,/Interchange/Pipelines/DefaultGLTFSceneAssetsPipeline,/Script/InterchangePipelines.InterchangeGenericAssetsPipeline,Soft: Unknown reference chain. Soft From Unassigned Package?,13647,None
0,/Interchange/Pipelines/DefaultMaterialPipeline,/Script/InterchangePipelines.InterchangeGenericMaterialPipeline,Soft: Unknown reference chain. Soft From Unassigned Package?,2406,None
0,/Interchange/Pipelines/DefaultMaterialXPipeline,/Script/InterchangePipelines.InterchangeMaterialXPipeline,Soft: Unknown reference chain. Soft From Unassigned Package?,886,None
0,/Interchange/Pipelines/DefaultSceneAssetsPipeline,/Script/InterchangePipelines.InterchangeGenericAssetsPipeline,Soft: Unknown reference chain. Soft From Unassigned Package?,13516,None
0,/Interchange/Pipelines/DefaultSceneLevelPipeline,/Script/InterchangePipelines.InterchangeGenericLevelPipeline,Soft: Unknown reference chain. Soft From Unassigned Package?,2196,None
0,/Interchange/Pipelines/DefaultTexturePipeline,/Script/InterchangePipelines.InterchangeGenericTexturePipeline,Soft: Unknown reference chain. Soft From Unassigned Package?,1726,None
0,/InterchangeAssets/Functions/MF_Iridescence,/Script/Engine.MaterialFunction,Soft: Unknown reference chain. Soft From Unassigned Package?,736,None
0,/InterchangeAssets/Functions/MF_IridescenceNoLUT,/Script/Engine.MaterialFunction,Soft: Unknown reference chain. Soft From Unassigned Package?,751,None
0,/InterchangeAssets/Functions/MX_AbsorptionVDF,/Script/Engine.MaterialFunction,Soft: Unknown reference chain. Soft From Unassigned Package?,789,None
0,/InterchangeAssets/Functions/MX_AnisotropicVDF,/Script/Engine.MaterialFunction,Soft: Unknown reference chain. Soft From Unassigned Package?,949,None
0,/InterchangeAssets/Functions/MX_BurleyDiffuseBSDF,/Script/Engine.MaterialFunction,Soft: Unknown reference chain. Soft From Unassigned Package?,861,None
0,/InterchangeAssets/Functions/MX_ConductorBSDF,/Script/Engine.MaterialFunction,Soft: Unknown reference chain. Soft From Unassigned Package?,995,None
0,/InterchangeAssets/Functions/MX_ConicalEDF,/Script/Engine.MaterialFunction,Soft: Unknown reference chain. Soft From Unassigned Package?,812,None
0,/InterchangeAssets/Functions/MX_DielectricBSDF,/Script/Engine.MaterialFunction,Soft: Unknown reference chain. Soft From Unassigned Package?,1315,None
0,/InterchangeAssets/Functions/MX_Displacement,/Script/Engine.MaterialFunction,Soft: Unknown reference chain. Soft From Unassigned Package?,739,None
0,/InterchangeAssets/Functions/MX_GeneralizedSchlickBSDF,/Script/Engine.MaterialFunction,Soft: Unknown reference chain. Soft From Unassigned Package?,1340,None
0,/InterchangeAssets/Functions/MX_MeasuredEDF,/Script/Engine.MaterialFunction,Soft: Unknown reference chain. Soft From Unassigned Package?,815,None
0,/InterchangeAssets/Functions/MX_OpenPBR_Opaque,/Script/Engine.MaterialFunction,Soft: Unknown reference chain. Soft From Unassigned Package?,869,None
0,/InterchangeAssets/Functions/MX_OpenPBR_Translucent,/Script/Engine.MaterialFunction,Soft: Unknown reference chain. Soft From Unassigned Package?,884,None
0,/InterchangeAssets/Functions/MX_OrenNayarBSDF,/Script/Engine.MaterialFunction,Soft: Unknown reference chain. Soft From Unassigned Package?,874,None
0,/InterchangeAssets/Functions/MX_SheenBSDF,/Script/Engine.MaterialFunction,Soft: Unknown reference chain. Soft From Unassigned Package?,969,None
0,/InterchangeAssets/Functions/MX_StandardSurface,/Script/Engine.MaterialFunction,Soft: Unknown reference chain. Soft From Unassigned Package?,748,None
0,/InterchangeAssets/Functions/MX_SubsurfaceBSDF,/Script/Engine.MaterialFunction,Soft: Unknown reference chain. Soft From Unassigned Package?,1225,None
0,/InterchangeAssets/Functions/MX_Surface,/Script/Engine.MaterialFunction,Soft: Unknown reference chain. Soft From Unassigned Package?,1406,None
0,/InterchangeAssets/Functions/MX_SurfaceUnlit,/Script/Engine.MaterialFunction,Soft: Unknown reference chain. Soft From Unassigned Package?,906,None
0,/InterchangeAssets/Functions/MX_ThinFilmBSDF,/Script/Engine.MaterialFunction,Soft: Unknown reference chain. Soft From Unassigned Package?,941,None
0,/InterchangeAssets/Functions/MX_TranslucentBSDF,/Script/Engine.MaterialFunction,Soft: Unknown reference chain. Soft From Unassigned Package?,843,None
0,/InterchangeAssets/Functions/MX_TransmissionSurface,/Script/Engine.MaterialFunction,Soft: Unknown reference chain. Soft From Unassigned Package?,760,None
0,/InterchangeAssets/Functions/MX_UniformEDF,/Script/Engine.MaterialFunction,Soft: Unknown reference chain. Soft From Unassigned Package?,798,None
0,/InterchangeAssets/Functions/MX_UsdPreviewSurface,/Script/Engine.MaterialFunction,Soft: Unknown reference chain. Soft From Unassigned Package?,754,None
0,/InterchangeAssets/gltf/M_ClearCoat,/Script/Engine.Material,Soft: Unknown reference chain. Soft From Unassigned Package?,40248,None
0,/InterchangeAssets/gltf/M_Default,/Script/Engine.Material,Soft: Unknown reference chain. Soft From Unassigned Package?,34749,None
0,/InterchangeAssets/gltf/M_Sheen,/Script/Engine.Material,Soft: Unknown reference chain. Soft From Unassigned Package?,34343,None
0,/InterchangeAssets/gltf/M_SpecularGlossiness,/Script/Engine.Material,Soft: Unknown reference chain. Soft From Unassigned Package?,23630,None
0,/InterchangeAssets/gltf/M_Transmission,/Script/Engine.Material,Soft: Unknown reference chain. Soft From Unassigned Package?,40374,None
0,/InterchangeAssets/gltf/M_Unlit,/Script/Engine.Material,Soft: Unknown reference chain. Soft From Unassigned Package?,14020,None
0,/InterchangeAssets/gltf/MaterialBodies/MF_ClearCoat_Body,/Script/Engine.MaterialFunction,Soft: Unknown reference chain. Soft From Unassigned Package?,762,None
0,/InterchangeAssets/gltf/MaterialBodies/MF_Default_Body,/Script/Engine.MaterialFunction,Soft: Unknown reference chain. Soft From Unassigned Package?,756,None
0,/InterchangeAssets/gltf/MaterialBodies/MF_Sheen_Body,/Script/Engine.MaterialFunction,Soft: Unknown reference chain. Soft From Unassigned Package?,750,None
0,/InterchangeAssets/gltf/MaterialBodies/MF_SpecularGlossiness_Body,/Script/Engine.MaterialFunction,Soft: Unknown reference chain. Soft From Unassigned Package?,789,None
0,/InterchangeAssets/gltf/MaterialBodies/MF_Transmission_Body,/Script/Engine.MaterialFunction,Soft: Unknown reference chain. Soft From Unassigned Package?,771,None
0,/InterchangeAssets/gltf/MaterialBodies/MF_Unlit_Body,/Script/Engine.MaterialFunction,Soft: Unknown reference chain. Soft From Unassigned Package?,750,None
0,/InterchangeAssets/gltf/MaterialFunctions/MF_BaseColor,/Script/Engine.MaterialFunction,Soft: Unknown reference chain. Soft From Unassigned Package?,753,None
0,/InterchangeAssets/gltf/MaterialFunctions/MF_Clearcoat,/Script/Engine.MaterialFunction,Soft: Unknown reference chain. Soft From Unassigned Package?,753,None
0,/InterchangeAssets/gltf/MaterialFunctions/MF_DiffuseSpecGloss,/Script/Engine.MaterialFunction,Soft: Unknown reference chain. Soft From Unassigned Package?,774,None
0,/InterchangeAssets/gltf/MaterialFunctions/MF_Emissive,/Script/Engine.MaterialFunction,Soft: Unknown reference chain. Soft From Unassigned Package?,750,None
0,/InterchangeAssets/gltf/MaterialFunctions/MF_Fresnel_DS,/Script/Engine.MaterialFunction,Soft: Unknown reference chain. Soft From Unassigned Package?,756,None
0,/InterchangeAssets/gltf/MaterialFunctions/MF_IOR,/Script/Engine.MaterialFunction,Soft: Unknown reference chain. Soft From Unassigned Package?,735,None
0,/InterchangeAssets/gltf/MaterialFunctions/MF_Iridescence,/Script/Engine.MaterialFunction,Soft: Unknown reference chain. Soft From Unassigned Package?,759,None
0,/InterchangeAssets/gltf/MaterialFunctions/MF_MaxComponentValue,/Script/Engine.MaterialFunction,Soft: Unknown reference chain. Soft From Unassigned Package?,777,None
0,/InterchangeAssets/gltf/MaterialFunctions/MF_MetallicRoughness,/Script/Engine.MaterialFunction,Soft: Unknown reference chain. Soft From Unassigned Package?,777,None
0,/InterchangeAssets/gltf/MaterialFunctions/MF_Normals,/Script/Engine.MaterialFunction,Soft: Unknown reference chain. Soft From Unassigned Package?,747,None
0,/InterchangeAssets/gltf/MaterialFunctions/MF_Occlusion,/Script/Engine.MaterialFunction,Soft: Unknown reference chain. Soft From Unassigned Package?,753,None
0,/InterchangeAssets/gltf/MaterialFunctions/MF_PerceivedBrightness,/Script/Engine.MaterialFunction,Soft: Unknown reference chain. Soft From Unassigned Package?,881,None
0,/InterchangeAssets/gltf/MaterialFunctions/MF_RotateNormals_TS,/Script/Engine.MaterialFunction,Soft: Unknown reference chain. Soft From Unassigned Package?,774,None
0,/InterchangeAssets/gltf/MaterialFunctions/MF_RotateV2,/Script/Engine.MaterialFunction,Soft: Unknown reference chain. Soft From Unassigned Package?,750,None
0,/InterchangeAssets/gltf/MaterialFunctions/MF_ScaleNormal,/Script/Engine.MaterialFunction,Soft: Unknown reference chain. Soft From Unassigned Package?,759,None
0,/InterchangeAssets/gltf/MaterialFunctions/MF_Sheen,/Script/Engine.MaterialFunction,Soft: Unknown reference chain. Soft From Unassigned Package?,741,None
0,/InterchangeAssets/gltf/MaterialFunctions/MF_SpecGlossToMetalRoughness,/Script/Engine.MaterialFunction,Soft: Unknown reference chain. Soft From Unassigned Package?,931,None
0,/InterchangeAssets/gltf/MaterialFunctions/MF_Specular,/Script/Engine.MaterialFunction,Soft: Unknown reference chain. Soft From Unassigned Package?,750,None
0,/InterchangeAssets/gltf/MaterialFunctions/MF_SpecularAnisotropy,/Script/Engine.MaterialFunction,Soft: Unknown reference chain. Soft From Unassigned Package?,780,None
0,/InterchangeAssets/gltf/MaterialFunctions/MF_Temporal_Blur,/Script/Engine.MaterialFunction,Soft: Unknown reference chain. Soft From Unassigned Package?,768,None
0,/InterchangeAssets/gltf/MaterialFunctions/MF_TransformUVs,/Script/Engine.MaterialFunction,Soft: Unknown reference chain. Soft From Unassigned Package?,762,None
0,/InterchangeAssets/gltf/MaterialFunctions/MF_Transmission,/Script/Engine.MaterialFunction,Soft: Unknown reference chain. Soft From Unassigned Package?,762,None
0,/InterchangeAssets/gltf/MaterialInstances/MI_ClearCoat_Blend,/Script/Engine.MaterialInstanceConstant,Soft: Unknown reference chain. Soft From Unassigned Package?,35172,None
0,/InterchangeAssets/gltf/MaterialInstances/MI_ClearCoat_Blend_DS,/Script/Engine.MaterialInstanceConstant,Soft: Unknown reference chain. Soft From Unassigned Package?,37995,None
0,/InterchangeAssets/gltf/MaterialInstances/MI_ClearCoat_Mask,/Script/Engine.MaterialInstanceConstant,Soft: Unknown reference chain. Soft From Unassigned Package?,49538,None
0,/InterchangeAssets/gltf/MaterialInstances/MI_ClearCoat_Mask_DS,/Script/Engine.MaterialInstanceConstant,Soft: Unknown reference chain. Soft From Unassigned Package?,49545,None
0,/InterchangeAssets/gltf/MaterialInstances/MI_ClearCoat_Opaque,/Script/Engine.MaterialInstanceConstant,Soft: Unknown reference chain. Soft From Unassigned Package?,1117,None
0,/InterchangeAssets/gltf/MaterialInstances/MI_ClearCoat_Opaque_DS,/Script/Engine.MaterialInstanceConstant,Soft: Unknown reference chain. Soft From Unassigned Package?,35251,None
0,/InterchangeAssets/gltf/MaterialInstances/MI_Default_Blend,/Script/Engine.MaterialInstanceConstant,Soft: Unknown reference chain. Soft From Unassigned Package?,31618,None
0,/InterchangeAssets/gltf/MaterialInstances/MI_Default_Blend_DS,/Script/Engine.MaterialInstanceConstant,Soft: Unknown reference chain. Soft From Unassigned Package?,34441,None
0,/InterchangeAssets/gltf/MaterialInstances/MI_Default_Mask,/Script/Engine.MaterialInstanceConstant,Soft: Unknown reference chain. Soft From Unassigned Package?,45872,None
0,/InterchangeAssets/gltf/MaterialInstances/MI_Default_Mask_DS,/Script/Engine.MaterialInstanceConstant,Soft: Unknown reference chain. Soft From Unassigned Package?,45879,None
0,/InterchangeAssets/gltf/MaterialInstances/MI_Default_Opaque,/Script/Engine.MaterialInstanceConstant,Soft: Unknown reference chain. Soft From Unassigned Package?,1106,None
0,/InterchangeAssets/gltf/MaterialInstances/MI_Default_Opaque_DS,/Script/Engine.MaterialInstanceConstant,Soft: Unknown reference chain. Soft From Unassigned Package?,31583,None
0,/InterchangeAssets/gltf/MaterialInstances/MI_Sheen_Blend,/Script/Engine.MaterialInstanceConstant,Soft: Unknown reference chain. Soft From Unassigned Package?,32720,None
0,/InterchangeAssets/gltf/MaterialInstances/MI_Sheen_Blend_DS,/Script/Engine.MaterialInstanceConstant,Soft: Unknown reference chain. Soft From Unassigned Package?,35543,None
0,/InterchangeAssets/gltf/MaterialInstances/MI_Sheen_Mask,/Script/Engine.MaterialInstanceConstant,Soft: Unknown reference chain. Soft From Unassigned Package?,44442,None
0,/InterchangeAssets/gltf/MaterialInstances/MI_Sheen_Mask_DS,/Script/Engine.MaterialInstanceConstant,Soft: Unknown reference chain. Soft From Unassigned Package?,44457,None
0,/InterchangeAssets/gltf/MaterialInstances/MI_Sheen_Opaque,/Script/Engine.MaterialInstanceConstant,Soft: Unknown reference chain. Soft From Unassigned Package?,1097,None
0,/InterchangeAssets/gltf/MaterialInstances/MI_Sheen_Opaque_DS,/Script/Engine.MaterialInstanceConstant,Soft: Unknown reference chain. Soft From Unassigned Package?,30239,None
0,/InterchangeAssets/gltf/MaterialInstances/MI_SpecularGlossiness_Blend,/Script/Engine.MaterialInstanceConstant,Soft: Unknown reference chain. Soft From Unassigned Package?,26064,None
0,/InterchangeAssets/gltf/MaterialInstances/MI_SpecularGlossiness_Blend_DS,/Script/Engine.MaterialInstanceConstant,Soft: Unknown reference chain. Soft From Unassigned Package?,28887,None
0,/InterchangeAssets/gltf/MaterialInstances/MI_SpecularGlossiness_Mask,/Script/Engine.MaterialInstanceConstant,Soft: Unknown reference chain. Soft From Unassigned Package?,37674,None
0,/InterchangeAssets/gltf/MaterialInstances/MI_SpecularGlossiness_Mask_DS,/Script/Engine.MaterialInstanceConstant,Soft: Unknown reference chain. Soft From Unassigned Package?,37689,None
0,/InterchangeAssets/gltf/MaterialInstances/MI_SpecularGlossiness_Opaque,/Script/Engine.MaterialInstanceConstant,Soft: Unknown reference chain. Soft From Unassigned Package?,1161,None
0,/InterchangeAssets/gltf/MaterialInstances/MI_SpecularGlossiness_Opaque_DS,/Script/Engine.MaterialInstanceConstant,Soft: Unknown reference chain. Soft From Unassigned Package?,23393,None
0,/InterchangeAssets/gltf/MaterialInstances/MI_Transmission,/Script/Engine.MaterialInstanceConstant,Soft: Unknown reference chain. Soft From Unassigned Package?,1112,None
0,/InterchangeAssets/gltf/MaterialInstances/MI_Transmission_DS,/Script/Engine.MaterialInstanceConstant,Soft: Unknown reference chain. Soft From Unassigned Package?,33325,None
0,/InterchangeAssets/gltf/MaterialInstances/MI_Unlit_Blend,/Script/Engine.MaterialInstanceConstant,Soft: Unknown reference chain. Soft From Unassigned Package?,16691,None
0,/InterchangeAssets/gltf/MaterialInstances/MI_Unlit_Blend_DS,/Script/Engine.MaterialInstanceConstant,Soft: Unknown reference chain. Soft From Unassigned Package?,19450,None
0,/InterchangeAssets/gltf/MaterialInstances/MI_Unlit_Mask,/Script/Engine.MaterialInstanceConstant,Soft: Unknown reference chain. Soft From Unassigned Package?,47262,None
0,/InterchangeAssets/gltf/MaterialInstances/MI_Unlit_Mask_DS,/Script/Engine.MaterialInstanceConstant,Soft: Unknown reference chain. Soft From Unassigned Package?,47285,None
0,/InterchangeAssets/gltf/MaterialInstances/MI_Unlit_Opaque,/Script/Engine.MaterialInstanceConstant,Soft: Unknown reference chain. Soft From Unassigned Package?,1023,None
0,/InterchangeAssets/gltf/MaterialInstances/MI_Unlit_Opaque_DS,/Script/Engine.MaterialInstanceConstant,Soft: Unknown reference chain. Soft From Unassigned Package?,18293,None
0,/InterchangeAssets/gltf/Textures/T_Anisotropy_Direction_Linear,/Script/Engine.Texture2D,Soft: Unknown reference chain. Soft From Unassigned Package?,981,None
0,/InterchangeAssets/gltf/Textures/T_Generic_N,/Script/Engine.Texture2D,Soft: Unknown reference chain. Soft From Unassigned Package?,933,None
0,/InterchangeAssets/gltf/Textures/T_White_Linear,/Script/Engine.Texture2D,Soft: Unknown reference chain. Soft From Unassigned Package?,936,None
0,/InterchangeAssets/gltf/Textures/T_White_srgb,/Script/Engine.Texture2D,Soft: Unknown reference chain. Soft From Unassigned Package?,927,None
0,/InterchangeAssets/Utilities/New_LUT,/Script/Engine.Texture2D,Soft: Unknown reference chain. Soft From Unassigned Package?,9088723,None
0,/MediaPlate/SM_MediaPlateScreen,/Script/Engine.StaticMesh,Hard,10991,None
0,/NNEDenoiser/NNE_oidn2-3-0_rt_hdr_alb_nrm__dyn__fp16_opset11_DenoiseAlpha,/Script/NNE.NNEModelData,Soft: Unknown reference chain. Soft From Unassigned Package?,7401892,None
0,/NNEDenoiser/NNE_oidn2-3-0_rt_hdr_alb_nrm__dyn__fp16_opset11_ForwardAlpha,/Script/NNE.NNEModelData,Soft: Unknown reference chain. Soft From Unassigned Package?,3712371,None
0,/NNEDenoiser/NNE_oidn2-3-0_rt_hdr_alb_nrm_small__dyn__fp16_opset11_DenoiseAlpha,/Script/NNE.NNEModelData,Soft: Unknown reference chain. Soft From Unassigned Package?,2610754,None
0,/NNEDenoiser/NNE_oidn2-3-0_rt_hdr_alb_nrm_small__dyn__fp16_opset11_ForwardAlpha,/Script/NNE.NNEModelData,Soft: Unknown reference chain. Soft From Unassigned Package?,1313253,None
0,/NNEDenoiser/NNE_oidn2-3-0_rt_hdr_calb_cnrm_large__dyn__fp16_opset11_DenoiseAlpha,/Script/NNE.NNEModelData,Soft: Unknown reference chain. Soft From Unassigned Package?,49948366,None
0,/NNEDenoiser/NNE_oidn2-3-0_rt_hdr_calb_cnrm_large__dyn__fp16_opset11_ForwardAlpha,/Script/NNE.NNEModelData,Soft: Unknown reference chain. Soft From Unassigned Package?,46258786,None
0,/NNEDenoiser/NNED_Oidn2-3_Balanced,/Script/NNEDenoiser.NNEDenoiserAsset,Soft: Unknown reference chain. Soft From Unassigned Package?,1108,None
0,/NNEDenoiser/NNED_Oidn2-3_Balanced_Alpha,/Script/NNEDenoiser.NNEDenoiserAsset,Soft: Unknown reference chain. Soft From Unassigned Package?,1118,None
0,/NNEDenoiser/NNED_Oidn2-3_Fast,/Script/NNEDenoiser.NNEDenoiserAsset,Soft: Unknown reference chain. Soft From Unassigned Package?,1108,None
0,/NNEDenoiser/NNED_Oidn2-3_Fast_Alpha,/Script/NNEDenoiser.NNEDenoiserAsset,Soft: Unknown reference chain. Soft From Unassigned Package?,1118,None
0,/NNEDenoiser/NNED_Oidn2-3_HighQuality,/Script/NNEDenoiser.NNEDenoiserAsset,Soft: Unknown reference chain. Soft From Unassigned Package?,1121,None
0,/NNEDenoiser/NNED_Oidn2-3_HighQuality_Alpha,/Script/NNEDenoiser.NNEDenoiserAsset,Soft: Unknown reference chain. Soft From Unassigned Package?,1131,None
0,/NNEDenoiser/NNEDIM_ColorAlbedoNormal_Alpha,/Script/Engine.DataTable,Soft: Unknown reference chain. Soft From Unassigned Package?,1292,None
0,/NNEDenoiser/NNEDIM_ColorAlbedoNormal_Default,/Script/Engine.DataTable,Soft: Unknown reference chain. Soft From Unassigned Package?,1221,None
0,/NNEDenoiser/NNEDIM_HighQuality_Alpha,/Script/Engine.DataTable,Soft: Unknown reference chain. Soft From Unassigned Package?,1286,None
0,/NNEDenoiser/NNEDIM_HighQuality_Default,/Script/Engine.DataTable,Soft: Unknown reference chain. Soft From Unassigned Package?,1215,None
0,/NNEDenoiser/NNEDOM_Output_Alpha,/Script/Engine.DataTable,Soft: Unknown reference chain. Soft From Unassigned Package?,993,None
0,/NNEDenoiser/NNEDOM_Output_Default,/Script/Engine.DataTable,Soft: Unknown reference chain. Soft From Unassigned Package?,999,None
0,/NNEDenoiser/NNEDT_Oidn2-3_Balanced,/Script/NNEDenoiser.NNEDenoiserTemporalAsset,Soft: Unknown reference chain. Soft From Unassigned Package?,1131,None
0,/NNEDenoiser/NNEDT_Oidn2-3_Balanced_Alpha,/Script/NNEDenoiser.NNEDenoiserTemporalAsset,Soft: Unknown reference chain. Soft From Unassigned Package?,1141,None
0,/NNEDenoiser/NNEDTIM_ColorAlbedoNormal_Alpha,/Script/Engine.DataTable,Soft: Unknown reference chain. Soft From Unassigned Package?,1303,None
0,/NNEDenoiser/NNEDTIM_ColorAlbedoNormal_Default,/Script/Engine.DataTable,Soft: Unknown reference chain. Soft From Unassigned Package?,1232,None
0,/NNEDenoiser/NNEDTOM_Output_Alpha,/Script/Engine.DataTable,Soft: Unknown reference chain. Soft From Unassigned Package?,1004,None
0,/NNEDenoiser/NNEDTOM_Output_Default,/Script/Engine.DataTable,Soft: Unknown reference chain. Soft From Unassigned Package?,1010,None
0,/Paper2D/DefaultPaperTerrainMaterial,/Script/Paper2D.PaperTerrainMaterial,Hard,882,None
0,/Paper2D/DefaultSpriteMaterial,/Script/Engine.Material,Hard,31528,None
0,/Paper2D/DummySprite,/Script/Paper2D.PaperSprite,Hard,1460,None
0,/Paper2D/MaskedUnlitSpriteMaterial,/Script/Engine.MaterialInstanceConstant,Hard,969,None
0,/Paper2D/OpaqueUnlitSpriteMaterial,/Script/Engine.MaterialInstanceConstant,Hard,16777,None
0,/Paper2D/PlaceholderTextures/DummySpriteTexture,/Script/Engine.Texture2D,Hard,23224,None
0,/SpeedTreeImporter/SpeedTree9/Empty,/Script/Engine.Texture2D,Hard,1058,None
0,/SpeedTreeImporter/SpeedTree9/EmptyNormal,/Script/Engine.Texture2D,Hard,1058,None
0,/SpeedTreeImporter/SpeedTree9/game_wind_noise,/Script/Engine.Texture2D,Hard,1399581,None
0,/SpeedTreeImporter/SpeedTree9/SpeedTreeBillboard,/Script/Engine.MaterialFunction,Hard,747,None
0,/SpeedTreeImporter/SpeedTree9/SpeedTreeBillboardMaster,/Script/Engine.Material,Hard,38974,None
0,/SpeedTreeImporter/SpeedTree9/SpeedTreeBranchMotion,/Script/Engine.MaterialFunction,Hard,756,None
0,/SpeedTreeImporter/SpeedTree9/SpeedTreeCameraFacing,/Script/Engine.MaterialFunction,Hard,759,None
0,/SpeedTreeImporter/SpeedTree9/SpeedTreeMaster,/Script/Engine.Material,Hard,42251,None
0,/SpeedTreeImporter/SpeedTree9/SpeedTreeWind,/Script/Engine.MaterialFunction,Hard,735,None
0,/SpeedTreeImporter/SpeedTree9/SpeedTreeWindMotion,/Script/Engine.MaterialFunction,Hard,783,None
0,/SpeedTreeImporter/SpeedTree9/UnpackDirection,/Script/Engine.MaterialFunction,Hard,741,None
0,/SpeedTreeImporter/SpeedTree9/UnpackInteger3,/Script/Engine.MaterialFunction,Hard,735,None
